{
  "train_loss": [
    3980225865610.919,
    3979880084760.865,
    3979307742365.101,
    3978642821305.3364,
    3977931874875.6904,
    3977115655007.253,
    3976249275478.5522,
    3975535986493.6973,
    3974654452220.1304,
    3973871209138.586,
    3972941820570.662,
    3972113644367.7285,
    3971203925393.7217,
    3970535906823.9756,
    3969961907787.5054,
    3968885803777.014,
    3967761692171.681,
    3966978984795.311,
    3966332745354.664,
    3965749669524.7954
  ],
  "val_loss": [
    8201975865921.613,
    8200974151465.845,
    8199636757447.574,
    8198110368804.8125,
    8196365957021.292,
    8194539729834.36,
    8192540364153.535,
    8191185605127.73,
    8189571365755.572,
    8188263540593.786,
    8185541508887.41,
    8182798614901.857,
    8182070352240.647,
    8179972834677.491,
    8178922749602.601,
    8176549906570.936,
    8175890152524.062,
    8174041513547.051,
    8173164627470.356,
    8171186391124.934
  ],
  "train_time_mae": [
    87126.90986111676,
    86041.20974379356,
    85141.12067069129,
    84470.9062741249,
    84322.55652876958,
    83984.0211842025,
    84083.87752454392,
    83836.97635505759,
    83889.80803562359,
    84037.3114004124,
    84796.2461076377,
    85573.34043980965,
    85862.1178666477,
    86071.77673991326,
    86459.44823875526,
    85332.91624723199,
    86378.43151321537,
    85066.4491535969,
    85508.55349125409,
    85695.68803328728
  ],
  "val_time_mae": [
    179437.05042919546,
    178742.86577102804,
    178622.8963277123,
    178916.67348765745,
    178725.59947175946,
    179668.77180008127,
    178101.00400243804,
    174699.60548906695,
    173972.98972089597,
    171612.10664046629,
    174119.6740552621,
    183180.2707518539,
    173002.4680890644,
    191879.82550030475,
    171420.75470972166,
    171585.17749517472,
    169475.38789046629,
    170858.13205569383,
    176282.1314176148,
    173023.3082937576
  ],
  "train_mag_mae": [
    0.5592974298693897,
    0.5154291191209184,
    0.5324531250936954,
    0.6720806123027395,
    1.212668235920553,
    0.5399700547287626,
    0.5578390384799077,
    0.5588878868794622,
    0.5917095745374886,
    0.5591389849308827,
    0.5605913025776369,
    0.6001347551554489,
    0.5782316906842625,
    0.6025769031898123,
    0.5740408091417911,
    0.5967133248096688,
    0.5871493316850956,
    0.6058058576349624,
    0.6044432041285313,
    0.6098441195803297
  ],
  "val_mag_mae": [
    0.6583297309813486,
    0.6458434490496818,
    0.6615623651215431,
    0.7061807905256821,
    0.6184085956776544,
    0.9356099340693828,
    0.5931444404087431,
    0.8124037035399945,
    0.588288664905001,
    0.5851484280492851,
    1.1530622597004232,
    0.6308270910511846,
    0.8591119551552063,
    0.731377671221222,
    0.6909462937684817,
    0.9868296572078006,
    0.6645916176152297,
    0.6359206374802758,
    0.6330674794959325,
    0.7969834445889816
  ],
  "train_binary_acc": [
    0.9936919732645308,
    0.9992686345813949,
    0.9991975296101416,
    0.9992686345813949,
    0.9992584767283587,
    0.9992483188753225,
    0.9992280031692502,
    0.9992381610222864,
    0.9992178453162139,
    0.9992483188753225,
    0.9992381610222864,
    0.9992584767283587,
    0.9992280031692502,
    0.9992483188753225,
    0.9992483188753225,
    0.9992280031692502,
    0.9992483188753225,
    0.9992483188753225,
    0.9992178453162139,
    0.9992076874631778
  ],
  "val_binary_acc": [
    0.9995936611133686,
    0.9995936611133686,
    0.9995936611133686,
    0.9995936611133686,
    0.9995936611133686,
    0.9995936611133686,
    0.9995936611133686,
    0.9995936611133686,
    0.9995936611133686,
    0.9995936611133686,
    0.9995936611133686,
    0.9995936611133686,
    0.9995936611133686,
    0.9995936611133686,
    0.9995936611133686,
    0.9995936611133686,
    0.9995936611133686,
    0.9995936611133686,
    0.9995936611133686,
    0.9995936611133686
  ]
}