k,silhouette,inertia,train_rows,eval_rows
2,0.783363211892579,266739.44298927573,200000,25000
3,0.6096970515919642,215395.41489396562,200000,25000
4,0.3389312668234825,165894.18248841542,200000,25000
5,0.25792802643585755,155163.2901778639,200000,25000
6,0.35647481892166755,129799.66714338347,200000,25000
7,0.34748403596312977,105841.80662149546,200000,25000
8,0.30967484220097113,100766.74175545383,200000,25000
