k,silhouette,inertia,train_rows,eval_rows
2,0.6319083898328584,234713.33245806664,200000,25000
3,0.3277172494612516,160305.03337018602,200000,25000
4,0.31385716526297386,141623.02702504938,200000,25000
5,0.38293625881248966,113045.95384575233,200000,25000
6,0.38897285417556837,91805.9100782088,200000,25000
7,0.32229169226495374,83337.01277764588,200000,25000
8,0.29965571029470145,80298.81346285892,200000,25000
