k,silhouette,inertia,train_rows,eval_rows
2,0.7630322831426215,249266.18824673345,200000,25000
3,0.33156724625426315,201565.63621195342,200000,25000
4,0.3413655893221243,156501.16178983968,200000,25000
5,0.3289270003708253,137179.34616463186,200000,25000
6,0.34985314545876617,118183.6730550335,200000,25000
7,0.36466375457503963,100491.64097510016,200000,25000
8,0.32286507829781486,95512.12005556369,200000,25000
