event_cluster,mag,depth_log1p,sig_log1p,gap,rms_log1p,nst_log1p,dmin_log1p,tsunami,depth_centroid_km,sig_centroid,rms_centroid,nst_centroid,dmin_centroid
0,1.6464722426074025,2.2647657132224395,3.3520821213232224,120.83617261922952,0.22826165710846785,1.9869039115361251,0.04971466604019847,0.0006139708066784179,8.628868420270196,27.562141619100935,0.25641403208892694,6.292919248952732,0.05097117582206466
1,4.329104098657966,3.560109085715724,5.639717529232904,125.25150163220891,0.5455906574689358,0.9300008994356173,1.4368211224753267,0.003989844033369604,34.16703315685757,280.383224713144,0.7256273360951635,1.5345114572467065,3.207300044965385
