event_cluster,mag,depth_log1p,sig_log1p,gap,rms_log1p,nst_log1p,dmin_log1p,tsunami,depth_centroid_km,sig_centroid,rms_centroid,nst_centroid,dmin_centroid
0,1.7861519011957716,2.3431851425142085,3.379076982426678,117.71832657969121,0.2536862755143069,2.110111117780413,0.049084866563825956,0.0006204625621683944,9.41435499612372,28.343673882943573,0.28876742294201874,7.249157861813586,0.05030948311458123
1,4.365954055036489,3.588851893838709,5.661692955710638,120.17466359281181,0.5429881132381388,1.274374779304425,1.4360049355905438,0.004364165353376161,35.192499232452896,286.63518422081006,0.7211421536016146,2.576464631229785,3.203867502836823
