k,silhouette,inertia,eligible_regions
2,0.9737657694334501,5710625.748958874,1361
3,0.9680498392588268,2374076.986356233,1361
4,0.9557563696460918,1270553.4997178952,1361
5,0.9503459706873699,960723.5205691857,1361
6,0.9536748494797748,502354.74451338657,1361
7,0.9479434361067361,365245.48744641326,1361
8,0.9425765606037662,287805.64994602936,1361
