k,silhouette,inertia,eligible_regions
2,0.9660513429229236,263000.8409352626,1132
3,0.9552098620497224,109703.91902154806,1132
4,0.9161246894091134,65035.10573602829,1132
5,0.9148947813282645,40065.32290501163,1132
6,0.9158158564786925,24756.504043518744,1132
7,0.8742508291070691,19990.069895090994,1132
8,0.8876036988164946,15621.119768980723,1132
