k,silhouette,inertia,eligible_regions
2,0.9734059786034819,4654992.897137305,1345
3,0.9670620692186873,1972608.76614925,1345
4,0.9518558080512118,1071183.4518129171,1345
5,0.9533386348841705,646387.365577209,1345
6,0.9443606270354007,455201.2560706493,1345
7,0.9454910922734425,264324.56220258365,1345
8,0.9435998889605716,225672.02128538786,1345
