region_cluster,region_count,total_events,profile_mag_mean,profile_mag_p90,profile_mag_max,profile_depth_mean,profile_depth_p90,profile_sig_mean,profile_major_quake_ratio,profile_shallow_ratio,profile_deep_ratio,profile_tsunami_rate,event_count_log1p,mag_mean,mag_p90,mag_max,depth_mean,depth_p90,sig_mean,major_quake_ratio,shallow_ratio,deep_ratio,tsunami_rate
0,1090,1296740,4.090928915721398,4.659279816513761,6.027119266055046,29.954200368263457,56.086977915681295,279.78828734771247,0.1309600238059341,0.9042767403746388,0.005437297888681591,0.0020496339847324136,5.070130573417712,4.090928915721398,4.659279816513761,6.027119266055046,29.954200368263457,56.0869779156813,279.7882873477125,0.13096002380593413,0.9042767403746387,0.005437297888681641,0.0020496339847324166
1,42,17289,4.547733187185098,5.180238095238095,6.757142857142857,410.17233727458506,544.4762357142857,323.5441026898375,0.14397420795816404,0.15616204310053727,0.7849780104641475,0.00311533309035422,4.951291805050705,4.547733187185098,5.180238095238096,6.757142857142857,410.1723372745851,544.4762357142856,323.5441026898375,0.14397420795816404,0.15616204310053738,0.7849780104641474,0.0031153330903542203
