region_cluster,region_count,total_events,profile_mag_mean,profile_mag_p90,profile_mag_max,profile_depth_mean,profile_depth_p90,profile_sig_mean,profile_major_quake_ratio,profile_shallow_ratio,profile_deep_ratio,profile_tsunami_rate,event_count_log1p,mag_mean,mag_p90,mag_max,depth_mean,depth_p90,sig_mean,major_quake_ratio,shallow_ratio,deep_ratio,tsunami_rate
0,1313,3083567,3.8284574247932506,4.521730388423458,5.9539299314546845,27.424113714702607,51.339396752098494,253.107745558636,0.1046049380087504,0.9155436956374933,0.004714230812718091,0.0019794520772724775,5.339378896874039,3.828457424793251,4.521730388423458,5.953929931454684,27.424113714702607,51.33939675209852,253.107745558636,0.1046049380087504,0.9155436956374934,0.004714230812718104,0.001979452077272477
1,48,25108,4.351171470652182,5.06625,6.7375,398.8311340522507,533.7657270833333,304.26681625749245,0.11979424594853988,0.16786695176484323,0.772779236534289,0.0028343723941268092,5.128300660383047,4.351171470652182,5.06625,6.7375,398.8311340522507,533.7657270833333,304.26681625749245,0.11979424594853988,0.16786695176484323,0.7727792365342891,0.002834372394126809
