feature,count,mean,std,min,10%,25%,50%,75%,90%,max,missing_ratio
mag,1324122.0,1.9767998715663313,1.49232236527873,0.0,0.41,0.84,1.5,2.72,4.5,9.1,0.0
depth,1324122.0,29.293202902566822,67.35985816063304,-10.0,1.292,3.82,9.85,25.2,74.77980000000028,735.8,0.0
sig,1324122.0,94.95821230974185,125.26357713311982,0.0,3.0,11.0,35.0,115.0,312.0,2910.0,0.0
gap,1004912.0,121.42102618522645,65.93450404271618,6.5,50.0,72.0,107.0,155.3,217.0,360.0,0.24107295249229302
rms,1295862.0,0.36399833498964645,0.35868712224462673,-1.0,0.04,0.094,0.2,0.59,0.89,71.45,0.0213424442762827
nst,933996.0,26.11825853643913,39.8187197139688,0.0,6.0,9.0,16.0,27.0,49.0,934.0,0.29462995101659817
dmin,799002.0,0.6267915234013345,2.317519012767882,0.0,0.007904,0.01756,0.05586,0.1684,1.56,141.16,0.39657977135037403
