feature,count,mean,std,min,10%,25%,50%,75%,90%,max,missing_ratio
mag,2992511.0,1.788310938113066,1.2525197500425835,0.0,0.5,0.9,1.44,2.28,4.1,9.1,0.0
depth,2992511.0,24.519952305005916,55.97011187180771,-10.0,1.219,3.5,8.482,18.4,65.8,735.8,0.0
sig,2992511.0,73.74433210103489,101.55611026481604,0.0,4.0,12.0,32.0,80.0,259.0,2910.0,0.0
gap,2195334.0,125.15884355714654,68.6219740897876,6.5,52.0,73.3,108.965,162.0,226.0,360.0,0.26639066656730753
rms,2865417.0,0.32353801557118544,0.3339907811967404,-1.0,0.04,0.09,0.18,0.51,0.79,104.33,0.04247068765996182
nst,2083702.0,21.303079806997353,29.031049451030167,0.0,6.0,9.0,14.0,24.0,41.0,934.0,0.303694455926812
dmin,1800327.0,0.46140854478696974,1.9220657671027026,0.0,0.008137,0.01962,0.05601,0.1376,0.75368652,141.16,0.3983891788534779
