,mag,depth,sig,gap,rms,nst,dmin
mag,1.0,0.3587311356226203,0.9607752439208858,-0.05807825648228274,0.6863533468230326,0.3987558294219674,0.30703240828924094
depth,0.3587311356226203,1.0,0.3445318896208088,-0.02938163452764839,0.30251872072779235,0.1252892713234219,0.14543698334122562
sig,0.9607752439208858,0.3445318896208088,1.0,-0.06758292140280561,0.6748731919960679,0.461062077627128,0.3174131485719044
gap,-0.05807825648228274,-0.02938163452764839,-0.06758292140280561,1.0,-0.07203807786324895,-0.2746688413498562,0.0025568260810381227
rms,0.6863533468230326,0.30251872072779235,0.6748731919960679,-0.07203807786324895,1.0,0.2222272500143157,0.1877834820247254
nst,0.3987558294219674,0.1252892713234219,0.461062077627128,-0.2746688413498562,0.2222272500143157,1.0,0.013285930863744957
dmin,0.30703240828924094,0.14543698334122562,0.3174131485719044,0.0025568260810381227,0.1877834820247254,0.013285930863744957,1.0
